close,RSI,PCR_OI,PCR_COI,PCR_VOL,zScore
24414.6,56.24481783,0.978059849,1.36941278,0.977185143,1.755477163
24454.6,56.24481783,0.978059849,1.36941278,0.977185143,1.755477163
